suite	test	reason
KvotarCore	KvotarCoreTests.BlockEpisodeReplayTests/testTheTesterEpisodeSendsOneBannerPerBlock	needs KVOTAR_LIVE=1 and a tester bundle (KVOTAR_BUNDLE_DB)
KvotarCore	KvotarCoreTests.EndpointRejectionReplayTests/testTheFieldEpisodeWouldHaveFiredOnDayOne	needs KVOTAR_LIVE=1 and a tester bundle log (KVOTAR_BUNDLE_LOG)
KvotarCore	KvotarCoreTests.LiveDiagnostics/testLiveBurnBufferReplay	needs KVOTAR_LIVE=1 (live database)
KvotarCore	KvotarCoreTests.LiveDiagnostics/testLiveDailyLocalReportReconciles	needs KVOTAR_LIVE=1 (live database)
KvotarCore	KvotarCoreTests.LiveDiagnostics/testLiveEstimatedValueAgainstRealDatabase	needs KVOTAR_LIVE=1 (live database)
KvotarCore	KvotarCoreTests.LiveDiagnostics/testLiveLocalCardFiguresForBothTools	needs KVOTAR_LIVE=1 (live database)
KvotarCore	KvotarCoreTests.LiveDiagnostics/testLiveQuotaWindowOutcomes	needs KVOTAR_LIVE=1 (live database)
KvotarCore	KvotarCoreTests.LiveDiagnostics/testLiveWindowAttributionAtTheReportedWidth	needs KVOTAR_LIVE=1 (live database)
KvotarCore	KvotarCoreTests.LiveDiagnostics/testLiveWorkPerPercentSeriesA1	needs KVOTAR_LIVE=1 (live database)
KvotarCore	KvotarCoreTests.ShadowTablesReplayTests/testCodexContributesNoEligibleWindowsOnThisCorpus	needs KVOTAR_LIVE=1 and KVOTAR_REPLAY_DB
KvotarCore	KvotarCoreTests.ShadowTablesReplayTests/testThePriorDescribesTheCorpusItWasDerivedFrom	needs KVOTAR_LIVE=1 and KVOTAR_REPLAY_DB
KvotarCore	KvotarCoreTests.ShadowTablesReplayTests/testTheSwiftFoldMatchesThePythonDerivation	needs KVOTAR_LIVE=1 and KVOTAR_REPLAY_DB
ClaudeAdapter	ClaudeAdapterTests.LiveDiagnostics/testLiveAccountSnapshot	needs KVOTAR_LIVE=1 (live account)
ClaudeAdapter	ClaudeAdapterTests.LiveDiagnostics/testLiveLocalAttribution	needs KVOTAR_LIVE=1 (live session logs)
CodexAdapter	CodexAdapterTests.LiveDiagnostics/testLiveAccountSnapshot	needs KVOTAR_LIVE=1 (live account)
CodexAdapter	CodexAdapterTests.LiveDiagnostics/testLiveLocalAttribution	needs KVOTAR_LIVE=1 (live session logs)
CodexAdapter	CodexAdapterTests.LiveDiagnostics/testLiveWhamDirect	needs KVOTAR_LIVE=1 (live account)
KvotarUI	KvotarUITests.ExplanationLiveDiagnostics/testLiveExplanationLayer	needs KVOTAR_LIVE=1 (live database)
KvotarUI	KvotarUITests.ExplanationRegistryTests/testFixtureMatchesTheUISpec	private UI Spec absent (public repository only)
KvotarUI	KvotarUITests.HistoryExperienceLiveDiagnostics/testLiveExperiencePayloads	needs KVOTAR_LIVE=1 (live database)
KvotarUI	KvotarUITests.HistoryExperienceSnapshots/testWriteSnapshots	needs KVOTAR_SNAPSHOT_DIR (writes evidence images)
KvotarUI	KvotarUITests.LiveLongLimitDiagnostics/testLiveClaudeWeeklyAheadOfPace	needs KVOTAR_LIVE_DIAGNOSTICS
KvotarUI	KvotarUITests.LiveLongLimitDiagnostics/testLiveClaudeWeeklyRow	needs KVOTAR_LIVE_DIAGNOSTICS
KvotarUI	KvotarUITests.MenuBarSnapshots/testWriteMenuBarPhaseSnapshots	needs KVOTAR_SNAPSHOT_DIR (writes evidence images)
KvotarUI	KvotarUITests.PopoverCompositionSnapshots/testWriteCompositionSnapshots	needs KVOTAR_SNAPSHOT_DIR (writes evidence images)
KvotarUI	KvotarUITests.PopoverCompositionSnapshots/testWriteConstrainedViewportSnapshots	needs KVOTAR_SNAPSHOT_DIR (writes evidence images)
KvotarUI	KvotarUITests.PopoverCompositionSnapshots/testWriteLongLimitSnapshots	needs KVOTAR_SNAPSHOT_DIR (writes evidence images)
KvotarUI	KvotarUITests.PopoverCompositionSnapshots/testWriteNotStartedSnapshots	needs KVOTAR_SNAPSHOT_DIR (writes evidence images)
